"measure_cd","measure_title","rows"
"IA_GRP_AHE_1","Enhance Engagement of Medicaid and Other Underserved Populations","375"
"IA_GRP_AHE_10","Adopt Certified Health Information Technology for Security Tags for Electronic Health Record Data","79"
"IA_GRP_AHE_11","Create and Implement a Plan to Improve Care for Lesbian, Gay, Bisexual, Transgender, and Queer Patients","69"
"IA_GRP_AHE_12","Practice Improvements that Engage Community Resources to Address Drivers of Health","69"
"IA_GRP_AHE_3","Promote Use of Patient-Reported Outcome Tools","713"
"IA_GRP_AHE_5","MIPS Eligible Clinician Leadership in Clinical Trials or CBPR","40"
"IA_GRP_AHE_6","Provide Education Opportunities for New Clinicians","488"
"IA_GRP_AHE_7","Comprehensive Eye Exams","211"
"IA_GRP_AHE_8","Create and Implement an Anti-Racism Plan","85"
"IA_GRP_AHE_9","Implement Food Insecurity and Nutrition Risk Identification and Treatment Protocols","52"
"IA_GRP_BE_1","Use of certified EHR to capture patient reported outcomes","465"
"IA_GRP_BE_12","Use evidence-based decision aids to support shared decision-making.","262"
"IA_GRP_BE_14","Engage Patients and Families to Guide Improvement in the System of Care","252"
"IA_GRP_BE_15","Engagement of Patients, Family, and Caregivers in Developing a Plan of Care","302"
"IA_GRP_BE_16","Promote Self-management in Usual Care","66"
"IA_GRP_BE_19","Use group visits for common chronic conditions (e.g., diabetes).","27"
"IA_GRP_BE_22","Improved Practices that Engage Patients Pre-Visit","384"
"IA_GRP_BE_23","Integration of patient coaching practices between visits","81"
"IA_GRP_BE_24","Financial Navigation Program","212"
"IA_GRP_BE_25","Drug Cost Transparency","366"
"IA_GRP_BE_3","Engagement with QIN-QIO to implement self-management training programs","37"
"IA_GRP_BE_4","Engagement of patients through implementation of improvements in patient portal","2404"
"IA_GRP_BE_5","Enhancements/regular updates to practice websites/tools that also include considerations for patients with cognitive disabilities","56"
"IA_GRP_BE_6","Regularly Assess Patient Experience of Care and Follow Up on Findings","1605"
"IA_GRP_BMH_1","Diabetes screening","165"
"IA_GRP_BMH_10","Completion of Collaborative Care Management Training Program","17"
"IA_GRP_BMH_11","Implementation of a Trauma-Informed Care (TIC) Approach to Clinical Practice","19"
"IA_GRP_BMH_12","Promoting Clinician Well-Being","218"
"IA_GRP_BMH_2","Tobacco use","1215"
"IA_GRP_BMH_4","Depression screening","847"
"IA_GRP_BMH_5","MDD prevention and treatment interventions","93"
"IA_GRP_BMH_6","Implementation of co-location PCP and MH services","52"
"IA_GRP_BMH_7","Implementation of Integrated Patient Centered Behavioral Health Model","43"
"IA_GRP_BMH_8","Electronic Health Record Enhancements for BH data capture","141"
"IA_GRP_BMH_9","Unhealthy Alcohol Use for Patients with Co-occurring Conditions of Mental Health and Substance Abuse and Ambulatory Care Patients","104"
"IA_GRP_CC_1","Implementation of Use of Specialist Reports Back to Referring Clinician or Group to Close Referral Loop","1145"
"IA_GRP_CC_10","Care transition documentation practice improvements","124"
"IA_GRP_CC_11","Care transition standard operational improvements","132"
"IA_GRP_CC_12","Care coordination agreements that promote improvements in patient tracking across settings","197"
"IA_GRP_CC_13","Practice Improvements to Align with OpenNotes Principles","1420"
"IA_GRP_CC_15","PSH Care Coordination","32"
"IA_GRP_CC_16","Primary Care Physician and Behavioral Health Bilateral Electronic Exchange of Information for Shared Patients","50"
"IA_GRP_CC_17","Patient Navigator Program","70"
"IA_GRP_CC_18","Relationship-Centered Communication","30"
"IA_GRP_CC_19","Tracking of clinicians relationship to and responsibility for a patient by reporting MACRA patient relationship codes.","426"
"IA_GRP_CC_2","Implementation of improvements that contribute to more timely communication of test results","1312"
"IA_GRP_CC_7","Regular training in care coordination","142"
"IA_GRP_CC_8","Implementation of documentation improvements for practice/process improvements","199"
"IA_GRP_CC_9","Implementation of practices/processes for developing regular individual care plans","241"
"IA_GRP_EPA_1","Provide 24/7 Access to MIPS Eligible Clinicians or Groups Who Have Real-Time Access to Patient's Medical Record","5204"
"IA_GRP_EPA_2","Use of telehealth services that expand practice access","932"
"IA_GRP_EPA_3","Collection and use of patient experience and satisfaction data on access","494"
"IA_GRP_EPA_4","Additional improvements in access as a result of QIN/QIO TA","34"
"IA_GRP_EPA_5","Participation in User Testing of the Quality Payment Program Website (https://qpp.cms.gov/)","40"
"IA_GRP_EPA_6","Create and Implement a Language Access Plan","289"
"IA_GRP_ERP_1","Participation on Disaster Medical Assistance Team, registered for 6 months.","18"
"IA_GRP_ERP_2","Participation in a 60-day or greater effort to support domestic or international humanitarian needs.","22"
"IA_GRP_ERP_3","COVID-19 Clinical Data Reporting with or without Clinical Trial","51"
"IA_GRP_ERP_4","Implementation of a Personal Protective Equipment (PPE) Plan","366"
"IA_GRP_ERP_5","Implementation of a Laboratory Preparedness Plan","36"
"IA_GRP_ERP_6","COVID-19 Vaccine Achievement for Practice Staff","119"
"IA_GRP_PCMH","Electronic submission of Patient Centered Medical Home accreditation","201"
"IA_GRP_PM_11","Regular review practices in place on targeted patient population needs","96"
"IA_GRP_PM_12","Population empanelment","185"
"IA_GRP_PM_13","Chronic Care and Preventative Care Management for Empaneled Patients","260"
"IA_GRP_PM_14","Implementation of methodologies for improvements in longitudinal care management for high risk patients","66"
"IA_GRP_PM_15","Implementation of episodic care management practice improvements","134"
"IA_GRP_PM_16","Implementation of medication management practice improvements","1650"
"IA_GRP_PM_17","Participation in Population Health Research","161"
"IA_GRP_PM_18","Provide Clinical-Community Linkages","19"
"IA_GRP_PM_19","Glycemic Screening Services","51"
"IA_GRP_PM_2","Anticoagulant Management Improvements","155"
"IA_GRP_PM_20","Glycemic Referring Services","24"
"IA_GRP_PM_21","Advance Care Planning","306"
"IA_GRP_PM_3","RHC, IHS or FQHC quality improvement activities","36"
"IA_GRP_PM_4","Glycemic management services","74"
"IA_GRP_PM_5","Engagement of community for health status improvement","45"
"IA_GRP_PM_6","Use of Toolsets or Other Resources to Close Health and Health Care Inequities Across Communities (Use of toolset or other resources to close healthcare disparities across communities)","28"
"IA_GRP_PSPA_1","Participation in an AHRQ-listed patient safety organization.","120"
"IA_GRP_PSPA_12","Participation in private payer CPIA","61"
"IA_GRP_PSPA_13","Participation in Joint Commission Evaluation Initiative","141"
"IA_GRP_PSPA_15","Implementation of an ASP","87"
"IA_GRP_PSPA_16","Use of decision support and standardized treatment protocols","1897"
"IA_GRP_PSPA_17","Implementation of analytic capabilities to manage total cost of care for practice population","63"
"IA_GRP_PSPA_18","Measurement and improvement at the practice and panel level","500"
"IA_GRP_PSPA_19","Implementation of formal quality improvement methods, practice changes, or other practice improvement processes","510"
"IA_GRP_PSPA_2","Participation in MOC Part IV","170"
"IA_GRP_PSPA_21","Implementation of fall screening and assessment programs","1001"
"IA_GRP_PSPA_22","CDC Training on CDCs Guideline for Prescribing Opioids for Chronic Pain","148"
"IA_GRP_PSPA_23","Completion of CDC Training on Antibiotic Stewardship","54"
"IA_GRP_PSPA_25","Cost Display for Laboratory and Radiographic Orders","48"
"IA_GRP_PSPA_26","Communication of Unscheduled Visit for Adverse Drug Event and Nature of Event","28"
"IA_GRP_PSPA_27","Invasive Procedure or Surgery Anticoagulation Medication Management","77"
"IA_GRP_PSPA_28","Completion of an Accredited Safety or Quality Improvement Program","156"
"IA_GRP_PSPA_29","Consulting Appropriate Use Criteria (AUC) Using Clinical Decision Support when Ordering Advanced Diagnostic Imaging","147"
"IA_GRP_PSPA_3","Participate in IHI Training/Forum Event; National Academy of Medicine, AHRQ Team STEPPS or Other Similar Activity","13"
"IA_GRP_PSPA_31","Patient Medication Risk Education","118"
"IA_GRP_PSPA_32","Use of CDC Guideline for Clinical Decision Support to Prescribe Opioids for Chronic Pain via Clinical Decision Support","79"
"IA_GRP_PSPA_33","Application of CDCs Training for Healthcare Providers on Lyme Disease","15"
"IA_GRP_PSPA_4","Administration of the AHRQ Survey of Patient Safety Culture","32"
"IA_GRP_PSPA_7","Use of QCDR data for ongoing practice assessment and improvements","248"
"IA_GRP_PSPA_8","Use of Patient Safety Tools","117"
"IA_GRP_PSPA_9","Completion of the AMA STEPS Forward program","22"
